{
    "precision_micro": 0.2959847036328872,
    "recall_micro": 0.337696335078534,
    "f1_micro": 0.3154676987073835,
    "precision_macro": 0.31804597590646005,
    "recall_macro": 0.20938781890422617,
    "f1_macro": 0.2525244067986228
}